"scenario","mechanism","rate","method","term","n_ok","bias","bias_mcse","emp_se","emp_se_mcse","mod_se","mod_se_mcse","rmse","rmse_mcse","coverage","coverage_mcse"
"MAR_20","MAR",0.2,"cc","(Intercept)",200,-0.082861799786249,0.0026265801834909,0.0371454531815325,0.00186193332552405,0.0373758066824097,7.20950088121089e-05,0.0907687370872677,0.00259305220711616,0.405,0.0347113093962184
"MAR_40","MAR",0.4,"cc","(Intercept)",200,-0.197634955872443,0.00327249974065218,0.0462801351609275,0.00231981355954298,0.0443772286360745,0.000104812366576283,0.202954964065094,0.00337054788443724,0.005,0.004987484335815
"MCAR_20","MCAR",0.2,"cc","(Intercept)",200,0.00222452813225906,0.00280304747798977,0.0396410775934883,0.00198702767389297,0.0387370128132049,7.42758960637663e-05,0.0396043745439858,0.00172482093355434,0.935,0.0174320107847603
"MCAR_40","MCAR",0.4,"cc","(Intercept)",200,0.00549746569329326,0.0032630952983877,0.0461471362629577,0.00231314692717811,0.044805439235102,9.77586233398169e-05,0.0463587372929264,0.00225667219551817,0.945,0.0161206389451535
"MNAR_20","MNAR",0.2,"cc","(Intercept)",200,0.00301467415283301,0.00269554243762399,0.0381207267324008,0.001910819371334,0.0383725363199089,7.4793979207603e-05,0.0381446210863485,0.00184195765058292,0.945,0.0161206389451535
"MNAR_40","MNAR",0.4,"cc","(Intercept)",200,0.00450321490967331,0.00327308625227595,0.0462884296878558,0.00232022932660959,0.0460037202874143,0.000104204879283162,0.046391643362522,0.00236104732066613,0.945,0.0161206389451535
"MAR_20","MAR",0.2,"dml","(Intercept)",200,-0.000117591864283225,0.00307704233407837,0.043515950008498,0.00218125747764314,0.0417279208166877,0.00115843418937649,0.0434071830860162,0.0022392834130556,0.96,0.013856406460551
"MAR_40","MAR",0.4,"dml","(Intercept)",200,-0.000516702793444142,0.0036431405536218,0.0515217878056338,0.00258255386566616,0.0520717417808639,0.000889794207260487,0.0513954193228547,0.00253154920616075,0.955,0.0146586152142691
"MCAR_20","MCAR",0.2,"dml","(Intercept)",200,-0.00265041579230048,0.00266743117530483,0.037723173448129,0.00189089182582689,0.03760062240836,0.000125167686276413,0.0377219740972647,0.00170067336288525,0.945,0.0161206389451535
"MCAR_40","MCAR",0.4,"dml","(Intercept)",200,-0.00270260837090868,0.00274036157089704,0.0387545649936863,0.00194259081253603,0.0416247690949998,0.000154783129736122,0.0387519137374802,0.00207398861447371,0.965,0.012995191418367
"MNAR_20","MNAR",0.2,"dml","(Intercept)",200,0.0684609858792649,0.00276085021962966,0.0390443182428101,0.0019571148305386,0.0386919297489598,0.000144321474597722,0.0787638437398246,0.00265707028451887,0.58,0.0348998567332303
"MNAR_40","MNAR",0.4,"dml","(Intercept)",200,0.142516957923638,0.00335233378863281,0.047409159094861,0.00237640641567619,0.0494030389553335,0.00233362804854876,0.150158161683139,0.00315686819431639,0.13,0.0237802439011882
"MAR_20","MAR",0.2,"full","(Intercept)",200,0.00214175386750383,0.00250411741089761,0.03541356804266,0.00177512176771945,0.0346290800405809,5.84736705455007e-05,0.0353897910015518,0.00169236287392944,0.94,0.0167928556237467
"MAR_40","MAR",0.4,"full","(Intercept)",200,0.00214175386750383,0.00250411741089761,0.03541356804266,0.00177512176771945,0.0346290800405809,5.84736705455007e-05,0.0353897910015518,0.00169236287392944,0.94,0.0167928556237467
"MCAR_20","MCAR",0.2,"full","(Intercept)",200,0.00214175386750383,0.00250411741089761,0.03541356804266,0.00177512176771945,0.0346290800405809,5.84736705455007e-05,0.0353897910015518,0.00169236287392944,0.94,0.0167928556237467
"MCAR_40","MCAR",0.4,"full","(Intercept)",200,0.00214175386750383,0.00250411741089761,0.03541356804266,0.00177512176771945,0.0346290800405809,5.84736705455007e-05,0.0353897910015518,0.00169236287392944,0.94,0.0167928556237467
"MNAR_20","MNAR",0.2,"full","(Intercept)",200,0.00214175386750383,0.00250411741089761,0.03541356804266,0.00177512176771945,0.0346290800405809,5.84736705455007e-05,0.0353897910015518,0.00169236287392944,0.94,0.0167928556237467
"MNAR_40","MNAR",0.4,"full","(Intercept)",200,0.00214175386750383,0.00250411741089761,0.03541356804266,0.00177512176771945,0.0346290800405809,5.84736705455007e-05,0.0353897910015518,0.00169236287392944,0.94,0.0167928556237467
"MAR_20","MAR",0.2,"mean_imp","(Intercept)",200,0.259228690032545,0.00327062071017146,0.0462535616570281,0.00231848155015157,0.043561865474735,0.000106255834765285,0.26330250424582,0.00319240114405697,0,0
"MAR_40","MAR",0.4,"mean_imp","(Intercept)",200,0.371487926897379,0.00323469393643349,0.0457454803503026,0.00229301373549213,0.0466349979920258,0.000127047438185396,0.374279929408631,0.00319978219183853,0,0
"MCAR_20","MCAR",0.2,"mean_imp","(Intercept)",200,0.0583066069800662,0.00278405139574246,0.0393724324220273,0.00197356170821905,0.0381673627161188,7.7872734031374e-05,0.0703000562601544,0.00240925086062719,0.655,0.0336136133136561
"MCAR_40","MCAR",0.4,"mean_imp","(Intercept)",200,0.109180821268638,0.00293407353145576,0.0414940658118466,0.00207990958056142,0.0407597187594216,9.2692050055134e-05,0.116763009737691,0.00284527086246812,0.235,0.02998124413696
"MNAR_20","MNAR",0.2,"mean_imp","(Intercept)",200,0.263361631951938,0.00318057715715928,0.0449801535182871,0.00225465136778906,0.0430663161133222,0.000110804481980252,0.26715622269351,0.00313704609931029,0,0
"MNAR_40","MNAR",0.4,"mean_imp","(Intercept)",200,0.415725537728175,0.00327411219956504,0.0463029387735609,0.00232095660136016,0.0485200005050212,0.000140645716651122,0.41828335497334,0.00324224531080797,0,0
"MAR_20","MAR",0.2,"mice","(Intercept)",200,0.0224418851826308,0.00282895902965775,0.0400075222713982,0.002005395885863,0.0392204426924895,0.00011978784066837,0.0457846812772058,0.00212880829936432,0.9,0.0212132034355964
"MAR_40","MAR",0.4,"mice","(Intercept)",200,0.0349517034343675,0.00329936589293063,0.0466600799301371,0.00233885846994407,0.0457164130550627,0.000261563991769397,0.0582056596625734,0.00257014205771204,0.865,0.0241635055403805
"MCAR_20","MCAR",0.2,"mice","(Intercept)",200,0.0180694804931337,0.00264282854316768,0.0373752396877446,0.00187345148231113,0.0378021770750194,9.41915880596046e-05,0.0414298216783457,0.00198074687015391,0.94,0.0167928556237467
"MCAR_40","MCAR",0.4,"mice","(Intercept)",200,0.0350243614095529,0.0027074095813567,0.0382885534885352,0.00191923176648326,0.0416370720478155,0.000181821868752809,0.0518207405750842,0.00249735005496806,0.89,0.0221246468898376
"MNAR_20","MNAR",0.2,"mice","(Intercept)",200,0.0885594895737349,0.00268082304659398,0.0379125631081557,0.00190038507168366,0.0389293962823618,0.000105663471634096,0.0962962035740932,0.00262547248749664,0.38,0.034322004603461
"MNAR_40","MNAR",0.4,"mice","(Intercept)",200,0.172903383150542,0.00299430467949001,0.04234586287612,0.00212260630935898,0.0439896126755293,0.000211972311561398,0.177988162941002,0.00292344776254812,0.03,0.0120623380818148
"MAR_20","MAR",0.2,"smcfcs","(Intercept)",200,0.00331834230614183,0.00268127881138755,0.0379190085956789,0.00190070815477973,0.0370565721728899,9.30662798424901e-05,0.0379693738752103,0.00177625424605078,0.95,0.0154110350074224
"MAR_40","MAR",0.4,"smcfcs","(Intercept)",200,0.0090361456305514,0.00300914892468117,0.0425557922048453,0.00213312911577753,0.0414679563417708,0.000219593546743933,0.0434003732793578,0.00211757903694132,0.925,0.0186245805321892
"MCAR_20","MCAR",0.2,"smcfcs","(Intercept)",200,0.00198587108215015,0.00261056555716937,0.03691897216413,0.00185058085791948,0.0366099367511308,8.96731795641732e-05,0.0368800642228623,0.00170016991760187,0.94,0.0167928556237467
"MCAR_40","MCAR",0.4,"smcfcs","(Intercept)",200,0.00222229545309558,0.00269284174340305,0.03808253314845,0.0019089048999603,0.0393680047895022,0.000170633289081091,0.0380521554110753,0.00206164068828536,0.975,0.0110397010829098
"MNAR_20","MNAR",0.2,"smcfcs","(Intercept)",200,0.0692239862964247,0.00265281835448708,0.0375165169542791,0.00188053307179703,0.0371429885916915,0.000102731382292004,0.0786918793645596,0.00255617418546851,0.565,0.0350553134346279
"MNAR_40","MNAR",0.4,"smcfcs","(Intercept)",200,0.146585078286144,0.00296977483799936,0.0419989585309306,0.00210521756576442,0.0414573737625524,0.000195484814145958,0.15245418371186,0.0028684760584641,0.06,0.0167928556237467
"MAR_20","MAR",0.2,"cc","x",200,-0.0456830272113589,0.00282560744123014,0.0399601236533,0.00200302000781974,0.0416350390573431,0.00010781524605567,0.0606280990974387,0.00272790268985491,0.81,0.0277398630133604
"MAR_40","MAR",0.4,"cc","x",200,-0.0215413155804494,0.00332724081526536,0.0470542908622959,0.00235861847847823,0.0481532851386541,0.000156085974354138,0.0516436252992302,0.00276382740819211,0.935,0.0174320107847603
"MCAR_20","MCAR",0.2,"cc","x",200,-0.00224610257198757,0.0028073831404091,0.0397023931194411,0.00199010114349329,0.0409305966596999,0.000105782708998006,0.039666655972964,0.00212682041750088,0.965,0.012995191418367
"MCAR_40","MCAR",0.4,"cc","x",200,-0.0016420228295404,0.00337556998155436,0.0477377684865367,0.00239287811611422,0.0473626086117639,0.000146640265085161,0.0476465770685213,0.00250662069800493,0.96,0.013856406460551
"MNAR_20","MNAR",0.2,"cc","x",200,-0.00245299305711352,0.00282375458328872,0.039933920285001,0.00200170655164952,0.04319387823408,0.000111659788543371,0.0399094171132631,0.00195139979558702,0.97,0.0120623380818148
"MNAR_40","MNAR",0.4,"cc","x",200,-0.00234713733079004,0.00339075662014226,0.0479525399891154,0.00240364363877644,0.050255973912613,0.000153705746203804,0.0478900607078365,0.00251833470866627,0.95,0.0154110350074224
"MAR_20","MAR",0.2,"dml","x",200,0.000259096386572975,0.00304038549957548,0.0429975440834214,0.00215527213662894,0.0462778610013221,0.00169555812895535,0.0428906981075999,0.00230637019785183,0.94,0.0167928556237467
"MAR_40","MAR",0.4,"dml","x",200,0.00706111451616213,0.00366256675449597,0.0517965157730502,0.00259632473435058,0.0590038823585449,0.00188729378480119,0.0521471378812591,0.00278965857011821,0.975,0.0110397010829098
"MCAR_20","MCAR",0.2,"dml","x",200,-0.00218772865069679,0.00282878502904141,0.0400050615310833,0.00200527254009642,0.0412364815996423,0.000174704519901157,0.039964848054438,0.00197105695591894,0.95,0.0154110350074224
"MCAR_40","MCAR",0.4,"dml","x",200,-0.00131521576952651,0.0032194825324435,0.0455303586120487,0.00228223065710184,0.047174980433755,0.000270412093994418,0.0454354297887173,0.00254491913772343,0.97,0.0120623380818148
"MNAR_20","MNAR",0.2,"dml","x",200,0.0238592031895055,0.00287297530033604,0.0406300063409814,0.0020365981928614,0.0440813969811744,0.000199573355564743,0.0470298310121348,0.00189258966390069,0.955,0.0146586152142691
"MNAR_40","MNAR",0.4,"dml","x",200,0.0143199688803916,0.00353948282002882,0.0500558460787133,0.00250907284656834,0.0590559464249329,0.00515241723193671,0.0519434432508853,0.00349635932593283,0.98,0.00989949493661167
"MAR_20","MAR",0.2,"full","x",200,-0.000937430818464101,0.00248339706212565,0.0351205380601559,0.00176043350191379,0.0365616211021126,8.4893183317439e-05,0.0350451667025011,0.00190811843569504,0.955,0.0146586152142691
"MAR_40","MAR",0.4,"full","x",200,-0.000937430818464101,0.00248339706212565,0.0351205380601559,0.00176043350191379,0.0365616211021126,8.4893183317439e-05,0.0350451667025011,0.00190811843569504,0.955,0.0146586152142691
"MCAR_20","MCAR",0.2,"full","x",200,-0.000937430818464101,0.00248339706212565,0.0351205380601559,0.00176043350191379,0.0365616211021126,8.4893183317439e-05,0.0350451667025011,0.00190811843569504,0.955,0.0146586152142691
"MCAR_40","MCAR",0.4,"full","x",200,-0.000937430818464101,0.00248339706212565,0.0351205380601559,0.00176043350191379,0.0365616211021126,8.4893183317439e-05,0.0350451667025011,0.00190811843569504,0.955,0.0146586152142691
"MNAR_20","MNAR",0.2,"full","x",200,-0.000937430818464101,0.00248339706212565,0.0351205380601559,0.00176043350191379,0.0365616211021126,8.4893183317439e-05,0.0350451667025011,0.00190811843569504,0.955,0.0146586152142691
"MNAR_40","MNAR",0.4,"full","x",200,-0.000937430818464101,0.00248339706212565,0.0351205380601559,0.00176043350191379,0.0365616211021126,8.4893183317439e-05,0.0350451667025011,0.00190811843569504,0.955,0.0146586152142691
"MAR_20","MAR",0.2,"mean_imp","x",200,-0.257117854257006,0.00341246513157377,0.0482595447019691,0.00241903239451894,0.0530412863820197,0.000155859662684859,0.261585415714054,0.00346749194297124,0,0
"MAR_40","MAR",0.4,"mean_imp","x",200,-0.29611210372949,0.00402344439338046,0.0569000962857263,0.00285214410986357,0.0628746765023963,0.000206777282313648,0.301502588426107,0.0040839849500899,0,0
"MCAR_20","MCAR",0.2,"mean_imp","x",200,-0.0628870043910033,0.00297658079708355,0.0420952093273487,0.00211004218224126,0.0445028344621105,0.000113987340173912,0.0756169421250675,0.0028949487192752,0.73,0.0313926743046845
"MCAR_40","MCAR",0.4,"mean_imp","x",200,-0.116054184922805,0.00355389097177952,0.050259608114859,0.00251928651454331,0.0543345934797618,0.000165719957581711,0.12641982401869,0.00341594743432028,0.43,0.0350071421284286
"MNAR_20","MNAR",0.2,"mean_imp","x",200,-0.186026267358515,0.00342697741610107,0.0484647793979644,0.00242931988026208,0.0527733023498772,0.000153810323410252,0.192205262194417,0.0035465730893838,0.05,0.0154110350074224
"MNAR_40","MNAR",0.4,"mean_imp","x",200,-0.269156081361958,0.00400894847924041,0.0566950931019678,0.00284186822878028,0.0631694449434148,0.000196505673860748,0.275033194447609,0.00407595354892299,0.005,0.004987484335815
"MAR_20","MAR",0.2,"mice","x",200,-0.0295377852596019,0.00298058962117641,0.0421519026613616,0.00211288396229487,0.0420636200117041,0.000161943273939751,0.0513846255364909,0.00269458846111359,0.885,0.0225582579114612
"MAR_40","MAR",0.4,"mice","x",200,-0.0494448276626875,0.00352785946893555,0.04989146707115,0.0025008332714391,0.046976383290609,0.000286633012225958,0.0701534295431945,0.00307664897050962,0.79,0.0288010416478293
"MCAR_20","MCAR",0.2,"mice","x",200,-0.0122796780086484,0.00279255139577789,0.03949264057533,0.00197958719848674,0.0407047685393215,0.000140837430969937,0.0412633106804365,0.00222843348760616,0.945,0.0161206389451535
"MCAR_40","MCAR",0.4,"mice","x",200,-0.0226844759797002,0.00322345066097355,0.0455864764238931,0.00228504358883585,0.04428000998635,0.000234986051255786,0.0508165489683826,0.00245023616130698,0.925,0.0186245805321892
"MNAR_20","MNAR",0.2,"mice","x",200,0.00194888838736501,0.00295500070520091,0.0417900207411719,0.0020947444607033,0.0435646025365369,0.000162069687920441,0.0417309473931067,0.00181659117475038,0.975,0.0110397010829098
"MNAR_40","MNAR",0.4,"mice","x",200,-0.025854380149308,0.003471871170224,0.0490996729574293,0.00246114421878209,0.0475495887088434,0.00027402696575533,0.0553820635947128,0.00276269312614323,0.89,0.0221246468898376
"MAR_20","MAR",0.2,"smcfcs","x",200,-0.00362841408732583,0.00265416336512165,0.0375355382770886,0.00188148652455642,0.0398513623489601,0.000142545483217853,0.037616983390101,0.00197924958226793,0.96,0.013856406460551
"MAR_40","MAR",0.4,"smcfcs","x",200,-0.000838727736151853,0.0032582215151035,0.0460782105587518,0.00230969199381065,0.0447276042052559,0.00029067426339449,0.0459705225668643,0.00218579347787318,0.95,0.0154110350074224
"MCAR_20","MCAR",0.2,"smcfcs","x",200,-0.00191115839640133,0.00280691357658531,0.0396957524841611,0.00198976827852405,0.0394958016512648,0.000149074356840764,0.0396424838761839,0.00203173767361585,0.95,0.0154110350074224
"MCAR_40","MCAR",0.4,"smcfcs","x",200,-0.00226721005187031,0.00310346466455653,0.0438896181896151,0.00219998777111162,0.0436163584658999,0.000249335277667729,0.0438384230250741,0.00230263876713811,0.955,0.0146586152142691
"MNAR_20","MNAR",0.2,"smcfcs","x",200,0.0233391775643336,0.00276586187966895,0.0391151938187857,0.00196066750214635,0.041293489250927,0.000140791599530114,0.0454649931807238,0.00191767752156864,0.93,0.0180416185526687
"MNAR_40","MNAR",0.4,"smcfcs","x",200,0.0171494972697559,0.00310267421787157,0.0438784395853931,0.00219942743831309,0.045793894722319,0.000255735637895043,0.0470084687024807,0.0020516702495706,0.96,0.013856406460551
"MAR_20","MAR",0.2,"cc","x:z",200,-0.0287018678374528,0.00276221728598293,0.0390636514805846,0.00195808391818244,0.0369908445700052,0.000184264602615271,0.0483956221162639,0.00223361440245377,0.845,0.0255905255905384
"MAR_40","MAR",0.4,"cc","x:z",200,0.0262638353453198,0.00290886539425633,0.0411375689167506,0.00206204000588747,0.0404436415847409,0.000238192807632045,0.0487198842932182,0.002314682481705,0.905,0.0207334271166153
"MCAR_20","MCAR",0.2,"cc","x:z",200,-0.00154708710418837,0.00229613983759958,0.0324723209943849,0.00162769037494524,0.0321031281311862,0.000155202496550295,0.0324279640297769,0.00150937997451171,0.97,0.0120623380818148
"MCAR_40","MCAR",0.4,"cc","x:z",200,-0.00308628417081513,0.00241707547509834,0.0341826091816347,0.00171341937538381,0.0372094825902079,0.000200512374316921,0.0342364377030537,0.00173120998105595,0.965,0.012995191418367
"MNAR_20","MNAR",0.2,"cc","x:z",200,-0.00320565669491023,0.00254290979659133,0.0359621752223087,0.00180262096083517,0.0361973589645974,0.000173648061772206,0.03601510643233,0.00173291688069669,0.97,0.0120623380818148
"MNAR_40","MNAR",0.4,"cc","x:z",200,-0.00188855778942665,0.00290155105055049,0.041034128476064,0.00205685500510743,0.0408961939902332,0.000236228504733162,0.040974960058738,0.00198670441376437,0.975,0.0110397010829098
"MAR_20","MAR",0.2,"dml","x:z",200,0.00607142407380645,0.00410668843213118,0.0580773447716062,0.00291115424436294,0.060545370662054,0.00768105218176854,0.0582492512924021,0.00730647537842397,0.92,0.0191833260932509
"MAR_40","MAR",0.4,"dml","x:z",200,0.0125947883597096,0.00457904778943501,0.0647575148657353,0.00324600091476545,0.0725496767635913,0.00742203525170507,0.0658118283194889,0.00690940496965307,0.94,0.0167928556237467
"MCAR_20","MCAR",0.2,"dml","x:z",200,0.0072925930207297,0.00250156255656283,0.0353774369461587,0.00177331067949999,0.0352046056709823,0.000634677947627762,0.0360345270902926,0.0018375624716301,0.94,0.0167928556237467
"MCAR_40","MCAR",0.4,"dml","x:z",200,0.00813276079211533,0.00271919838418544,0.0384552723369805,0.00192758862723809,0.0401251665806829,0.000747249105571108,0.0392116784741555,0.00192613444014809,0.955,0.0146586152142691
"MNAR_20","MNAR",0.2,"dml","x:z",200,0.0138395015771721,0.00299830641894578,0.0424024560182343,0.00212544306724651,0.0431799182745039,0.00105668801023992,0.0445029239365343,0.00221834878741445,0.945,0.0161206389451535
"MNAR_40","MNAR",0.4,"dml","x:z",200,-0.0107261505621392,0.00499167917687063,0.0705930039094581,0.00353850754991507,0.0854488779578027,0.0193200429892132,0.0712285451615969,0.0123815332328198,0.9,0.0212132034355964
"MAR_20","MAR",0.2,"full","x:z",200,-0.00184416232315903,0.00202246930406879,0.0286020351929736,0.00143369047736066,0.0285820253117175,0.000121153854992587,0.0285899802337875,0.00151880138433126,0.965,0.012995191418367
"MAR_40","MAR",0.4,"full","x:z",200,-0.00184416232315903,0.00202246930406879,0.0286020351929736,0.00143369047736066,0.0285820253117175,0.000121153854992587,0.0285899802337875,0.00151880138433126,0.965,0.012995191418367
"MCAR_20","MCAR",0.2,"full","x:z",200,-0.00184416232315903,0.00202246930406879,0.0286020351929736,0.00143369047736066,0.0285820253117175,0.000121153854992587,0.0285899802337875,0.00151880138433126,0.965,0.012995191418367
"MCAR_40","MCAR",0.4,"full","x:z",200,-0.00184416232315903,0.00202246930406879,0.0286020351929736,0.00143369047736066,0.0285820253117175,0.000121153854992587,0.0285899802337875,0.00151880138433126,0.965,0.012995191418367
"MNAR_20","MNAR",0.2,"full","x:z",200,-0.00184416232315903,0.00202246930406879,0.0286020351929736,0.00143369047736066,0.0285820253117175,0.000121153854992587,0.0285899802337875,0.00151880138433126,0.965,0.012995191418367
"MNAR_40","MNAR",0.4,"full","x:z",200,-0.00184416232315903,0.00202246930406879,0.0286020351929736,0.00143369047736066,0.0285820253117175,0.000121153854992587,0.0285899802337875,0.00151880138433126,0.965,0.012995191418367
"MAR_20","MAR",0.2,"mean_imp","x:z",200,-0.108899647604351,0.00302346830540804,0.0427582988291325,0.00214327985564216,0.0482019011987171,0.0002413424013977,0.116954110686711,0.00283421290299762,0.355,0.0338360015368246
"MAR_40","MAR",0.4,"mean_imp","x:z",200,-0.125781874404029,0.00336226576484506,0.0475496184494663,0.00238344700694164,0.0543029406688714,0.000312512398406995,0.134427457434139,0.0031385237175116,0.33,0.0332490601370926
"MCAR_20","MCAR",0.2,"mean_imp","x:z",200,-0.0205820465643315,0.00229194819141348,0.0324130421655344,0.00162471899574587,0.0353165067761297,0.000160403411816291,0.0383271824778302,0.00176957244264644,0.935,0.0174320107847603
"MCAR_40","MCAR",0.4,"mean_imp","x:z",200,-0.0383676459862792,0.00254801711185253,0.0360344035674057,0.00180624144063188,0.0436260576846621,0.000224475127323223,0.0525743483819326,0.00214117376230191,0.915,0.019719913792915
"MNAR_20","MNAR",0.2,"mean_imp","x:z",200,-0.0866108180787332,0.00279566235385037,0.0395366361663109,0.00198179249819389,0.0450171088744956,0.000219258700384078,0.0951670304234503,0.00258275796040693,0.505,0.035353571248178
"MNAR_40","MNAR",0.4,"mean_imp","x:z",200,-0.133460280412534,0.00330723118133014,0.0467713119054028,0.00234443402506245,0.0528110013956191,0.000299635407452486,0.141379858137777,0.00319112153359355,0.245,0.0304117575947198
"MAR_20","MAR",0.2,"mice","x:z",200,-0.0524069790111113,0.00275070359672957,0.0389008233256341,0.00194992208027042,0.0357782768129696,0.000284643435103097,0.065208888460134,0.00270189793122171,0.705,0.0322470928922283
"MAR_40","MAR",0.4,"mice","x:z",200,-0.0758003704437972,0.00284306136587407,0.0402069594227809,0.00201539276695346,0.0377302255425057,0.000312843823036485,0.0857567067203021,0.00284022890023436,0.52,0.0353270434653114
"MCAR_20","MCAR",0.2,"mice","x:z",200,-0.0342947224618669,0.00228999321042855,0.0323853945593036,0.0016233331464695,0.0325670120278566,0.000191438878883177,0.047113667874561,0.00212834692334201,0.83,0.0265612499705869
"MCAR_40","MCAR",0.4,"mice","x:z",200,-0.0653821063847107,0.0023141579365796,0.032727135393842,0.00164046306666215,0.0356466610935256,0.00025226494790113,0.0730789292438872,0.0023274766961531,0.56,0.0350998575495685
"MNAR_20","MNAR",0.2,"mice","x:z",200,-0.0277789676059047,0.00257515626343055,0.036418209129735,0.00182547987510541,0.0361262506297184,0.0002536257834803,0.0457310131933017,0.00237414176057756,0.895,0.0216766002869454
"MNAR_40","MNAR",0.4,"mice","x:z",200,-0.0802412687097911,0.00281533848441079,0.0398148986732465,0.00199574053733546,0.0379397938356129,0.000367003979528862,0.089531900626179,0.00293487495704267,0.45,0.0351781181986757
"MAR_20","MAR",0.2,"smcfcs","x:z",200,-0.00108985179840671,0.00238860667244024,0.0337799995133986,0.00169323837625039,0.0339847509225812,0.000210725031462819,0.0337130642664246,0.00175001710153805,0.97,0.0120623380818148
"MAR_40","MAR",0.4,"smcfcs","x:z",200,0.00331602751895002,0.00251709368046024,0.0355970802067048,0.00178432040132352,0.0363400639435335,0.000308078729700442,0.0356624788419537,0.00212625999892915,0.965,0.012995191418367
"MCAR_20","MCAR",0.2,"smcfcs","x:z",200,-0.000988982916755346,0.00226400644398134,0.032017886183785,0.00160491161615613,0.0307753409363081,0.000152691536472251,0.0319530498968261,0.0016511027858262,0.95,0.0154110350074224
"MCAR_40","MCAR",0.4,"smcfcs","x:z",200,-0.00100731217113454,0.0023226530981559,0.0328472751209996,0.0016464851270371,0.0332423033342164,0.000210757801937471,0.0327805345177649,0.00191165224509492,0.935,0.0174320107847603
"MNAR_20","MNAR",0.2,"smcfcs","x:z",200,0.0128488438628969,0.00223237336848368,0.0315705269399013,0.00158248752347923,0.0338015107423699,0.000205095186538624,0.034011872471533,0.00177316057716401,0.945,0.0161206389451535
"MNAR_40","MNAR",0.4,"smcfcs","x:z",200,-0.00306814482544921,0.00242821053825755,0.034340082755011,0.00172131281237395,0.0362045504521153,0.000262081091074455,0.0343912574628034,0.00178276130249096,0.955,0.0146586152142691
"MAR_20","MAR",0.2,"cc","z",200,-0.059542791107776,0.00313916281135762,0.044394466223192,0.00222529351643254,0.0423787031052142,0.000116622132242111,0.0742048398757802,0.00303206686518285,0.725,0.0315733273507877
"MAR_40","MAR",0.4,"cc","z",200,-0.044306031096069,0.00361325393246389,0.0510991271558835,0.00256136780164611,0.0486190756988184,0.000163091771836061,0.0675358392529368,0.003198960699613,0.845,0.0255905255905384
"MCAR_20","MCAR",0.2,"cc","z",200,-0.00198941376186747,0.0030449391381624,0.0430619422578991,0.00215850012543761,0.0410111039911327,0.000104020218276058,0.0430001974854003,0.00215306682807288,0.945,0.0161206389451535
"MCAR_40","MCAR",0.4,"cc","z",200,-0.00295831614607381,0.00359766950034682,0.0508787300032651,0.00255032029062759,0.0473501948822178,0.000139765290320789,0.0508375213334752,0.00252415005924868,0.95,0.0154110350074224
"MNAR_20","MNAR",0.2,"cc","z",200,-0.00207087818858624,0.0031146815882038,0.0440482494451158,0.00220793923746318,0.0417762223198529,0.000113034125616496,0.0439867658990202,0.00220545341282177,0.95,0.0154110350074224
"MNAR_40","MNAR",0.4,"cc","z",200,0.000202301034955311,0.00362709928696041,0.051294930036932,0.00257118251322537,0.0496726838840197,0.000167228983959384,0.0511669319381671,0.00264356679611877,0.94,0.0167928556237467
"MAR_20","MAR",0.2,"dml","z",200,-0.00094389787673373,0.00380657259087036,0.0538330658416656,0.00269840776516789,0.0536762894712943,0.00123493985308751,0.0537066097070485,0.00311074712570365,0.945,0.0161206389451535
"MAR_40","MAR",0.4,"dml","z",200,0.00074100689443623,0.00459633745873052,0.0650020277138018,0.00325825723636984,0.0692141237812828,0.00181006439738329,0.0648435531112302,0.00346534309389238,0.94,0.0167928556237467
"MCAR_20","MCAR",0.2,"dml","z",200,-0.00354171068476915,0.00296242804091992,0.0418950591302331,0.0021000095593978,0.0405100270890431,0.00023154699071747,0.041940001361501,0.00232814439923016,0.945,0.0161206389451535
"MCAR_40","MCAR",0.4,"dml","z",200,-0.00282069763740395,0.00329014671348449,0.0465297010440703,0.0023323231669091,0.0449793028528504,0.000266164046588563,0.0464988639540361,0.0027353280276523,0.93,0.0180416185526687
"MNAR_20","MNAR",0.2,"dml","z",200,0.0315534749263874,0.003262609984457,0.0461402728875297,0.00231280289725411,0.0459436663721718,0.000455702102163096,0.0558023470667246,0.00263776066558042,0.885,0.0225582579114612
"MNAR_40","MNAR",0.4,"dml","z",200,0.0336819521753188,0.00416000519381511,0.0588313576463585,0.00294894949463259,0.0638864313412214,0.00363390978971495,0.0676631133014262,0.00383801311860737,0.935,0.0174320107847603
"MAR_20","MAR",0.2,"full","z",200,-0.00236494165423877,0.00277770531270501,0.0392826852550322,0.00196906308922838,0.036610178451815,8.04444940361673e-05,0.0392556577205076,0.00193887964955542,0.945,0.0161206389451535
"MAR_40","MAR",0.4,"full","z",200,-0.00236494165423877,0.00277770531270501,0.0392826852550322,0.00196906308922838,0.036610178451815,8.04444940361673e-05,0.0392556577205076,0.00193887964955542,0.945,0.0161206389451535
"MCAR_20","MCAR",0.2,"full","z",200,-0.00236494165423877,0.00277770531270501,0.0392826852550322,0.00196906308922838,0.036610178451815,8.04444940361673e-05,0.0392556577205076,0.00193887964955542,0.945,0.0161206389451535
"MCAR_40","MCAR",0.4,"full","z",200,-0.00236494165423877,0.00277770531270501,0.0392826852550322,0.00196906308922838,0.036610178451815,8.04444940361673e-05,0.0392556577205076,0.00193887964955542,0.945,0.0161206389451535
"MNAR_20","MNAR",0.2,"full","z",200,-0.00236494165423877,0.00277770531270501,0.0392826852550322,0.00196906308922838,0.036610178451815,8.04444940361673e-05,0.0392556577205076,0.00193887964955542,0.945,0.0161206389451535
"MNAR_40","MNAR",0.4,"full","z",200,-0.00236494165423877,0.00277770531270501,0.0392826852550322,0.00196906308922838,0.036610178451815,8.04444940361673e-05,0.0392556577205076,0.00193887964955542,0.945,0.0161206389451535
"MAR_20","MAR",0.2,"mean_imp","z",200,0.409390486520069,0.00431178145937496,0.0609777981783692,0.00305654083665432,0.0454847446092744,0.000120120536666636,0.41388436895402,0.00441762332906233,0,0
"MAR_40","MAR",0.4,"mean_imp","z",200,0.499577702673076,0.00402255914848028,0.0568875770322877,0.002851516576392,0.0485417758388234,0.000157228260298225,0.502790111723182,0.00407278353005159,0,0
"MCAR_20","MCAR",0.2,"mean_imp","z",200,0.120888612512492,0.00337607890825018,0.0477449657968915,0.00239323888468361,0.0398409728026275,9.51224034196957e-05,0.129931676220031,0.00337669868755435,0.165,0.0262464283284412
"MCAR_40","MCAR",0.4,"mean_imp","z",200,0.229463060778001,0.00362043395935658,0.051200668069982,0.0025664575877618,0.0420746649602851,0.000105861157515753,0.235078066034173,0.00359738845479623,0,0
"MNAR_20","MNAR",0.2,"mean_imp","z",200,0.353960689141705,0.00425417574746807,0.0601631303878804,0.0030157052301824,0.0446699406272633,0.000118423817331167,0.359012080165068,0.00436481313622503,0,0
"MNAR_40","MNAR",0.4,"mean_imp","z",200,0.483860300493002,0.00412891554188,0.0583916835721976,0.00292691062470554,0.0497533609690624,0.000162697163627575,0.487353394530111,0.0042057142359681,0,0
"MAR_20","MAR",0.2,"mice","z",200,-0.0126295422724473,0.00358834191268905,0.0507468179935666,0.00254370813904893,0.0440030925558542,0.000209650464302499,0.0521715312867214,0.00317183839198285,0.895,0.0216766002869454
"MAR_40","MAR",0.4,"mice","z",200,-0.0142221448297908,0.00406837070810814,0.0575354503216796,0.00288399152998431,0.0518379215121045,0.000371796214841667,0.0591273693568335,0.00277709853569609,0.925,0.0186245805321892
"MCAR_20","MCAR",0.2,"mice","z",200,-0.0115484527297258,0.00300063872677146,0.0424354398318214,0.00212709639642843,0.0399195592713536,0.000123015542823211,0.0438762974896726,0.00286152526715024,0.935,0.0174320107847603
"MCAR_40","MCAR",0.4,"mice","z",200,-0.0162266249240475,0.00333076336248453,0.0471041072028104,0.00236111554599565,0.0434534020716426,0.000188936420345992,0.0497092173265955,0.00300637906159704,0.925,0.0186245805321892
"MNAR_20","MNAR",0.2,"mice","z",200,0.0271234374523661,0.00327627530455624,0.0463335296977148,0.00232248998583288,0.0427536503593784,0.000182660927530634,0.0535886448196835,0.00299597929049402,0.88,0.0229782505861521
"MNAR_40","MNAR",0.4,"mice","z",200,0.0203993610779134,0.00376925254111656,0.0533052806365629,0.00267195228332744,0.0495304821427492,0.00031713326996098,0.056950677005731,0.00303851132801129,0.91,0.0202361063448481
"MAR_20","MAR",0.2,"smcfcs","z",200,0.00111641986135207,0.00305736218328654,0.0432376306469044,0.00216730658863508,0.0416508421290385,0.000192284120859609,0.0431438481564308,0.00248501166355445,0.945,0.0161206389451535
"MAR_40","MAR",0.4,"smcfcs","z",200,0.00848363429696402,0.00324106069846979,0.045835519962504,0.00229752701343643,0.0465151270418016,0.000302071281622806,0.0465012093032704,0.00220669331333639,0.97,0.0120623380818148
"MCAR_20","MCAR",0.2,"smcfcs","z",200,-0.00236910178917445,0.00293003902539353,0.0414370092799398,0.00207704959504242,0.0387934276631055,0.000120261386385458,0.0414011262245722,0.00221216346257631,0.94,0.0167928556237467
"MCAR_40","MCAR",0.4,"smcfcs","z",200,-0.00229950697411739,0.00320317404747849,0.045299721805856,0.00227066987862798,0.0419902458140624,0.000224478870871069,0.0452448030610536,0.0025616261006547,0.945,0.0161206389451535
"MNAR_20","MNAR",0.2,"smcfcs","z",200,0.0349883420008288,0.00302609178429753,0.0427954004233937,0.00214513959051866,0.0408061891189759,0.000161823687537119,0.0551948651767406,0.00247368750441205,0.855,0.0248972890090467
"MNAR_40","MNAR",0.4,"smcfcs","z",200,0.0513691455029645,0.00336136203314397,0.047536837753182,0.00238280636852437,0.0464344103447493,0.00028211732990128,0.0699088070171365,0.00272020029397125,0.805,0.0280156206427771
